algorithm,task,matrix_size,tile_size,mem_boundness,arithm_intensity,bmr,ilp,l3_cache_ratio,case,PKG1,PKG2,DRAM1,DRAM2,time
cholesky,potrf,16384,1024,0.293517,0.002335,0.002615,2.597815,0.164586,1,242252859.0,218900949.0,43461715.333333336,19905738.33333333,1.9439366666666664
cholesky,potrf,16384,1024,0.293517,0.002335,0.002615,2.597815,0.164586,2,242694528.3333333,220346644.66666663,43932027.0,19283395.666666668,1.9631166666666668
cholesky,potrf,16384,1024,0.293517,0.002335,0.002615,2.597815,0.164586,3,243680976.3333333,219481188.66666663,44033053.333333336,19445958.0,1.9673066666666668
cholesky,potrf,16384,1024,0.293517,0.002335,0.002615,2.597815,0.164586,4,243121264.66666663,219454211.3333333,44088031.0,19565466.666666668,1.9705566666666667
cholesky,potrf,16384,1024,0.293517,0.002335,0.002615,2.597815,0.164586,5,232532384.0,220544947.3333333,36103665.0,25206892.33333333,1.905063333333333
cholesky,potrf,16384,1024,0.293517,0.002335,0.002615,2.597815,0.164586,6,236132472.66666663,223319862.66666663,36811106.66666666,25195494.33333333,1.93883
cholesky,potrf,16384,1024,0.293517,0.002335,0.002615,2.597815,0.164586,7,242799549.3333333,219751817.66666663,43750503.333333336,19643006.666666668,1.95674
cholesky,potrf,16384,1024,0.293517,0.002335,0.002615,2.597815,0.164586,8,236300237.66666663,222661967.0,36976229.333333336,25034176.0,1.9488633333333332
cholesky,potrf,16384,1024,0.293517,0.002335,0.002615,2.597815,0.164586,9,244517989.66666663,220271327.0,44120992.0,19401741.33333333,1.97024
cholesky,potrf,16384,1024,0.293517,0.002335,0.002615,2.597815,0.164586,10,242827727.3333333,220145636.3333333,43607391.66666666,19610530.33333333,1.9484333333333328
cholesky,potrf,16384,1024,0.293517,0.002335,0.002615,2.597815,0.164586,11,241894868.0,216969151.0,43551511.0,19583505.666666668,1.9485033333333333
cholesky,potrf,16384,1024,0.293517,0.002335,0.002615,2.597815,0.164586,12,242279063.0,219769741.66666663,43736034.0,19979678.666666668,1.9576966666666669
cholesky,potrf,16384,1024,0.293517,0.002335,0.002615,2.597815,0.164586,13,243891892.3333333,219012663.66666663,43788814.66666666,19214081.666666668,1.9582766666666664
cholesky,potrf,16384,1024,0.293517,0.002335,0.002615,2.597815,0.164586,14,241813244.0,217967276.3333333,43290876.0,19383615.666666668,1.938586666666667
cholesky,potrf,16384,1024,0.293517,0.002335,0.002615,2.597815,0.164586,15,238324361.0,217481315.3333333,43292564.0,19254580.33333333,1.9373366666666667
cholesky,potrf,16384,1024,0.293517,0.002335,0.002615,2.597815,0.164586,16,245010074.3333333,219585172.0,43706862.333333336,19578691.33333333,1.9546766666666664
cholesky,trsm,16384,1024,0.313928,0.001416,0.002476,2.527275,1.777046,1,242252859.0,218900949.0,43461715.333333336,19905738.33333333,1.9439366666666664
cholesky,trsm,16384,1024,0.313928,0.001416,0.002476,2.527275,1.777046,2,242694528.3333333,220346644.66666663,43932027.0,19283395.666666668,1.9631166666666668
cholesky,trsm,16384,1024,0.313928,0.001416,0.002476,2.527275,1.777046,3,243680976.3333333,219481188.66666663,44033053.333333336,19445958.0,1.9673066666666668
cholesky,trsm,16384,1024,0.313928,0.001416,0.002476,2.527275,1.777046,4,243121264.66666663,219454211.3333333,44088031.0,19565466.666666668,1.9705566666666667
cholesky,trsm,16384,1024,0.313928,0.001416,0.002476,2.527275,1.777046,5,232532384.0,220544947.3333333,36103665.0,25206892.33333333,1.905063333333333
cholesky,trsm,16384,1024,0.313928,0.001416,0.002476,2.527275,1.777046,6,236132472.66666663,223319862.66666663,36811106.66666666,25195494.33333333,1.93883
cholesky,trsm,16384,1024,0.313928,0.001416,0.002476,2.527275,1.777046,7,242799549.3333333,219751817.66666663,43750503.333333336,19643006.666666668,1.95674
cholesky,trsm,16384,1024,0.313928,0.001416,0.002476,2.527275,1.777046,8,236300237.66666663,222661967.0,36976229.333333336,25034176.0,1.9488633333333332
cholesky,trsm,16384,1024,0.313928,0.001416,0.002476,2.527275,1.777046,9,244517989.66666663,220271327.0,44120992.0,19401741.33333333,1.97024
cholesky,trsm,16384,1024,0.313928,0.001416,0.002476,2.527275,1.777046,10,242827727.3333333,220145636.3333333,43607391.66666666,19610530.33333333,1.9484333333333328
cholesky,trsm,16384,1024,0.313928,0.001416,0.002476,2.527275,1.777046,11,241894868.0,216969151.0,43551511.0,19583505.666666668,1.9485033333333333
cholesky,trsm,16384,1024,0.313928,0.001416,0.002476,2.527275,1.777046,12,242279063.0,219769741.66666663,43736034.0,19979678.666666668,1.9576966666666669
cholesky,trsm,16384,1024,0.313928,0.001416,0.002476,2.527275,1.777046,13,243891892.3333333,219012663.66666663,43788814.66666666,19214081.666666668,1.9582766666666664
cholesky,trsm,16384,1024,0.313928,0.001416,0.002476,2.527275,1.777046,14,241813244.0,217967276.3333333,43290876.0,19383615.666666668,1.938586666666667
cholesky,trsm,16384,1024,0.313928,0.001416,0.002476,2.527275,1.777046,15,238324361.0,217481315.3333333,43292564.0,19254580.33333333,1.9373366666666667
cholesky,trsm,16384,1024,0.313928,0.001416,0.002476,2.527275,1.777046,16,245010074.3333333,219585172.0,43706862.333333336,19578691.33333333,1.9546766666666664
cholesky,syrk,16384,1024,0.256329,0.003805,0.006856,2.903211,2.613387,1,242252859.0,218900949.0,43461715.333333336,19905738.33333333,1.9439366666666664
cholesky,syrk,16384,1024,0.256329,0.003805,0.006856,2.903211,2.613387,2,242694528.3333333,220346644.66666663,43932027.0,19283395.666666668,1.9631166666666668
cholesky,syrk,16384,1024,0.256329,0.003805,0.006856,2.903211,2.613387,3,243680976.3333333,219481188.66666663,44033053.333333336,19445958.0,1.9673066666666668
cholesky,syrk,16384,1024,0.256329,0.003805,0.006856,2.903211,2.613387,4,243121264.66666663,219454211.3333333,44088031.0,19565466.666666668,1.9705566666666667
cholesky,syrk,16384,1024,0.256329,0.003805,0.006856,2.903211,2.613387,5,232532384.0,220544947.3333333,36103665.0,25206892.33333333,1.905063333333333
cholesky,syrk,16384,1024,0.256329,0.003805,0.006856,2.903211,2.613387,6,236132472.66666663,223319862.66666663,36811106.66666666,25195494.33333333,1.93883
cholesky,syrk,16384,1024,0.256329,0.003805,0.006856,2.903211,2.613387,7,242799549.3333333,219751817.66666663,43750503.333333336,19643006.666666668,1.95674
cholesky,syrk,16384,1024,0.256329,0.003805,0.006856,2.903211,2.613387,8,236300237.66666663,222661967.0,36976229.333333336,25034176.0,1.9488633333333332
cholesky,syrk,16384,1024,0.256329,0.003805,0.006856,2.903211,2.613387,9,244517989.66666663,220271327.0,44120992.0,19401741.33333333,1.97024
cholesky,syrk,16384,1024,0.256329,0.003805,0.006856,2.903211,2.613387,10,242827727.3333333,220145636.3333333,43607391.66666666,19610530.33333333,1.9484333333333328
cholesky,syrk,16384,1024,0.256329,0.003805,0.006856,2.903211,2.613387,11,241894868.0,216969151.0,43551511.0,19583505.666666668,1.9485033333333333
cholesky,syrk,16384,1024,0.256329,0.003805,0.006856,2.903211,2.613387,12,242279063.0,219769741.66666663,43736034.0,19979678.666666668,1.9576966666666669
cholesky,syrk,16384,1024,0.256329,0.003805,0.006856,2.903211,2.613387,13,243891892.3333333,219012663.66666663,43788814.66666666,19214081.666666668,1.9582766666666664
cholesky,syrk,16384,1024,0.256329,0.003805,0.006856,2.903211,2.613387,14,241813244.0,217967276.3333333,43290876.0,19383615.666666668,1.938586666666667
cholesky,syrk,16384,1024,0.256329,0.003805,0.006856,2.903211,2.613387,15,238324361.0,217481315.3333333,43292564.0,19254580.33333333,1.9373366666666667
cholesky,syrk,16384,1024,0.256329,0.003805,0.006856,2.903211,2.613387,16,245010074.3333333,219585172.0,43706862.333333336,19578691.33333333,1.9546766666666664
cholesky,gemm,16384,1024,0.197525,0.002808,0.007559,3.156735,16.774181,1,242252859.0,218900949.0,43461715.333333336,19905738.33333333,1.9439366666666664
cholesky,gemm,16384,1024,0.197525,0.002808,0.007559,3.156735,16.774181,2,242694528.3333333,220346644.66666663,43932027.0,19283395.666666668,1.9631166666666668
cholesky,gemm,16384,1024,0.197525,0.002808,0.007559,3.156735,16.774181,3,243680976.3333333,219481188.66666663,44033053.333333336,19445958.0,1.9673066666666668
cholesky,gemm,16384,1024,0.197525,0.002808,0.007559,3.156735,16.774181,4,243121264.66666663,219454211.3333333,44088031.0,19565466.666666668,1.9705566666666667
cholesky,gemm,16384,1024,0.197525,0.002808,0.007559,3.156735,16.774181,5,232532384.0,220544947.3333333,36103665.0,25206892.33333333,1.905063333333333
cholesky,gemm,16384,1024,0.197525,0.002808,0.007559,3.156735,16.774181,6,236132472.66666663,223319862.66666663,36811106.66666666,25195494.33333333,1.93883
cholesky,gemm,16384,1024,0.197525,0.002808,0.007559,3.156735,16.774181,7,242799549.3333333,219751817.66666663,43750503.333333336,19643006.666666668,1.95674
cholesky,gemm,16384,1024,0.197525,0.002808,0.007559,3.156735,16.774181,8,236300237.66666663,222661967.0,36976229.333333336,25034176.0,1.9488633333333332
cholesky,gemm,16384,1024,0.197525,0.002808,0.007559,3.156735,16.774181,9,244517989.66666663,220271327.0,44120992.0,19401741.33333333,1.97024
cholesky,gemm,16384,1024,0.197525,0.002808,0.007559,3.156735,16.774181,10,242827727.3333333,220145636.3333333,43607391.66666666,19610530.33333333,1.9484333333333328
cholesky,gemm,16384,1024,0.197525,0.002808,0.007559,3.156735,16.774181,11,241894868.0,216969151.0,43551511.0,19583505.666666668,1.9485033333333333
cholesky,gemm,16384,1024,0.197525,0.002808,0.007559,3.156735,16.774181,12,242279063.0,219769741.66666663,43736034.0,19979678.666666668,1.9576966666666669
cholesky,gemm,16384,1024,0.197525,0.002808,0.007559,3.156735,16.774181,13,243891892.3333333,219012663.66666663,43788814.66666666,19214081.666666668,1.9582766666666664
cholesky,gemm,16384,1024,0.197525,0.002808,0.007559,3.156735,16.774181,14,241813244.0,217967276.3333333,43290876.0,19383615.666666668,1.938586666666667
cholesky,gemm,16384,1024,0.197525,0.002808,0.007559,3.156735,16.774181,15,238324361.0,217481315.3333333,43292564.0,19254580.33333333,1.9373366666666667
cholesky,gemm,16384,1024,0.197525,0.002808,0.007559,3.156735,16.774181,16,245010074.3333333,219585172.0,43706862.333333336,19578691.33333333,1.9546766666666664
cholesky,potrf,16384,2048,0.308517,0.001995,0.002258,2.569944,0.405841,1,242555124.3333333,223886938.66666663,40999114.333333336,18720295.0,1.8650233333333333
cholesky,potrf,16384,2048,0.308517,0.001995,0.002258,2.569944,0.405841,2,241503776.66666663,223683753.66666663,40868732.66666666,18778740.33333333,1.85659
cholesky,potrf,16384,2048,0.308517,0.001995,0.002258,2.569944,0.405841,3,246069885.66666663,227128447.0,41756311.333333336,18198039.33333333,1.8967133333333333
cholesky,potrf,16384,2048,0.308517,0.001995,0.002258,2.569944,0.405841,4,244686345.0,225928417.0,41337550.333333336,18290405.33333333,1.8774233333333332
cholesky,potrf,16384,2048,0.308517,0.001995,0.002258,2.569944,0.405841,5,243467740.0,224459874.66666663,41385209.66666666,18452070.33333333,1.8771266666666664
cholesky,potrf,16384,2048,0.308517,0.001995,0.002258,2.569944,0.405841,6,242047374.66666663,228586166.3333333,35659485.0,23340405.0,1.89045
cholesky,potrf,16384,2048,0.308517,0.001995,0.002258,2.569944,0.405841,7,242863371.66666663,225336194.66666663,41334438.66666666,18749471.666666668,1.87836
cholesky,potrf,16384,2048,0.308517,0.001995,0.002258,2.569944,0.405841,8,236364995.3333333,226539113.0,34486475.333333336,24155568.33333333,1.8461133333333333
cholesky,potrf,16384,2048,0.308517,0.001995,0.002258,2.569944,0.405841,9,247960872.3333333,228545069.3333333,42142916.66666666,18547098.0,1.9149833333333333
cholesky,potrf,16384,2048,0.308517,0.001995,0.002258,2.569944,0.405841,10,248004065.0,227353177.66666663,42138888.333333336,18438698.0,1.9126
cholesky,potrf,16384,2048,0.308517,0.001995,0.002258,2.569944,0.405841,11,239867732.66666663,223612953.0,40686550.66666666,19047924.0,1.8512566666666668
cholesky,potrf,16384,2048,0.308517,0.001995,0.002258,2.569944,0.405841,12,242704680.3333333,223595721.0,41291099.333333336,18497241.33333333,1.8714033333333333
cholesky,potrf,16384,2048,0.308517,0.001995,0.002258,2.569944,0.405841,13,238549194.0,222325114.3333333,40586024.333333336,18834304.666666668,1.84143
cholesky,potrf,16384,2048,0.308517,0.001995,0.002258,2.569944,0.405841,14,240580296.66666663,223701067.0,40896625.0,18667101.666666668,1.8564
cholesky,potrf,16384,2048,0.308517,0.001995,0.002258,2.569944,0.405841,15,234841948.66666663,221845318.0,34605948.333333336,23509633.33333333,1.8134033333333333
cholesky,potrf,16384,2048,0.308517,0.001995,0.002258,2.569944,0.405841,16,241378939.0,224137426.3333333,40868656.66666666,18862957.33333333,1.8589733333333327
cholesky,trsm,16384,2048,0.28106,0.002185,0.002343,2.710239,3.833278,1,242555124.3333333,223886938.66666663,40999114.333333336,18720295.0,1.8650233333333333
cholesky,trsm,16384,2048,0.28106,0.002185,0.002343,2.710239,3.833278,2,241503776.66666663,223683753.66666663,40868732.66666666,18778740.33333333,1.85659
cholesky,trsm,16384,2048,0.28106,0.002185,0.002343,2.710239,3.833278,3,246069885.66666663,227128447.0,41756311.333333336,18198039.33333333,1.8967133333333333
cholesky,trsm,16384,2048,0.28106,0.002185,0.002343,2.710239,3.833278,4,244686345.0,225928417.0,41337550.333333336,18290405.33333333,1.8774233333333332
cholesky,trsm,16384,2048,0.28106,0.002185,0.002343,2.710239,3.833278,5,243467740.0,224459874.66666663,41385209.66666666,18452070.33333333,1.8771266666666664
cholesky,trsm,16384,2048,0.28106,0.002185,0.002343,2.710239,3.833278,6,242047374.66666663,228586166.3333333,35659485.0,23340405.0,1.89045
cholesky,trsm,16384,2048,0.28106,0.002185,0.002343,2.710239,3.833278,7,242863371.66666663,225336194.66666663,41334438.66666666,18749471.666666668,1.87836
cholesky,trsm,16384,2048,0.28106,0.002185,0.002343,2.710239,3.833278,8,236364995.3333333,226539113.0,34486475.333333336,24155568.33333333,1.8461133333333333
cholesky,trsm,16384,2048,0.28106,0.002185,0.002343,2.710239,3.833278,9,247960872.3333333,228545069.3333333,42142916.66666666,18547098.0,1.9149833333333333
cholesky,trsm,16384,2048,0.28106,0.002185,0.002343,2.710239,3.833278,10,248004065.0,227353177.66666663,42138888.333333336,18438698.0,1.9126
cholesky,trsm,16384,2048,0.28106,0.002185,0.002343,2.710239,3.833278,11,239867732.66666663,223612953.0,40686550.66666666,19047924.0,1.8512566666666668
cholesky,trsm,16384,2048,0.28106,0.002185,0.002343,2.710239,3.833278,12,242704680.3333333,223595721.0,41291099.333333336,18497241.33333333,1.8714033333333333
cholesky,trsm,16384,2048,0.28106,0.002185,0.002343,2.710239,3.833278,13,238549194.0,222325114.3333333,40586024.333333336,18834304.666666668,1.84143
cholesky,trsm,16384,2048,0.28106,0.002185,0.002343,2.710239,3.833278,14,240580296.66666663,223701067.0,40896625.0,18667101.666666668,1.8564
cholesky,trsm,16384,2048,0.28106,0.002185,0.002343,2.710239,3.833278,15,234841948.66666663,221845318.0,34605948.333333336,23509633.33333333,1.8134033333333333
cholesky,trsm,16384,2048,0.28106,0.002185,0.002343,2.710239,3.833278,16,241378939.0,224137426.3333333,40868656.66666666,18862957.33333333,1.8589733333333327
cholesky,syrk,16384,2048,0.222198,0.003292,0.002733,3.062516,4.020615,1,242555124.3333333,223886938.66666663,40999114.333333336,18720295.0,1.8650233333333333
cholesky,syrk,16384,2048,0.222198,0.003292,0.002733,3.062516,4.020615,2,241503776.66666663,223683753.66666663,40868732.66666666,18778740.33333333,1.85659
cholesky,syrk,16384,2048,0.222198,0.003292,0.002733,3.062516,4.020615,3,246069885.66666663,227128447.0,41756311.333333336,18198039.33333333,1.8967133333333333
cholesky,syrk,16384,2048,0.222198,0.003292,0.002733,3.062516,4.020615,4,244686345.0,225928417.0,41337550.333333336,18290405.33333333,1.8774233333333332
cholesky,syrk,16384,2048,0.222198,0.003292,0.002733,3.062516,4.020615,5,243467740.0,224459874.66666663,41385209.66666666,18452070.33333333,1.8771266666666664
cholesky,syrk,16384,2048,0.222198,0.003292,0.002733,3.062516,4.020615,6,242047374.66666663,228586166.3333333,35659485.0,23340405.0,1.89045
cholesky,syrk,16384,2048,0.222198,0.003292,0.002733,3.062516,4.020615,7,242863371.66666663,225336194.66666663,41334438.66666666,18749471.666666668,1.87836
cholesky,syrk,16384,2048,0.222198,0.003292,0.002733,3.062516,4.020615,8,236364995.3333333,226539113.0,34486475.333333336,24155568.33333333,1.8461133333333333
cholesky,syrk,16384,2048,0.222198,0.003292,0.002733,3.062516,4.020615,9,247960872.3333333,228545069.3333333,42142916.66666666,18547098.0,1.9149833333333333
cholesky,syrk,16384,2048,0.222198,0.003292,0.002733,3.062516,4.020615,10,248004065.0,227353177.66666663,42138888.333333336,18438698.0,1.9126
cholesky,syrk,16384,2048,0.222198,0.003292,0.002733,3.062516,4.020615,11,239867732.66666663,223612953.0,40686550.66666666,19047924.0,1.8512566666666668
cholesky,syrk,16384,2048,0.222198,0.003292,0.002733,3.062516,4.020615,12,242704680.3333333,223595721.0,41291099.333333336,18497241.33333333,1.8714033333333333
cholesky,syrk,16384,2048,0.222198,0.003292,0.002733,3.062516,4.020615,13,238549194.0,222325114.3333333,40586024.333333336,18834304.666666668,1.84143
cholesky,syrk,16384,2048,0.222198,0.003292,0.002733,3.062516,4.020615,14,240580296.66666663,223701067.0,40896625.0,18667101.666666668,1.8564
cholesky,syrk,16384,2048,0.222198,0.003292,0.002733,3.062516,4.020615,15,234841948.66666663,221845318.0,34605948.333333336,23509633.33333333,1.8134033333333333
cholesky,syrk,16384,2048,0.222198,0.003292,0.002733,3.062516,4.020615,16,241378939.0,224137426.3333333,40868656.66666666,18862957.33333333,1.8589733333333327
cholesky,gemm,16384,2048,0.181793,0.003295,0.001445,3.234729,15.509934,1,242555124.3333333,223886938.66666663,40999114.333333336,18720295.0,1.8650233333333333
cholesky,gemm,16384,2048,0.181793,0.003295,0.001445,3.234729,15.509934,2,241503776.66666663,223683753.66666663,40868732.66666666,18778740.33333333,1.85659
cholesky,gemm,16384,2048,0.181793,0.003295,0.001445,3.234729,15.509934,3,246069885.66666663,227128447.0,41756311.333333336,18198039.33333333,1.8967133333333333
cholesky,gemm,16384,2048,0.181793,0.003295,0.001445,3.234729,15.509934,4,244686345.0,225928417.0,41337550.333333336,18290405.33333333,1.8774233333333332
cholesky,gemm,16384,2048,0.181793,0.003295,0.001445,3.234729,15.509934,5,243467740.0,224459874.66666663,41385209.66666666,18452070.33333333,1.8771266666666664
cholesky,gemm,16384,2048,0.181793,0.003295,0.001445,3.234729,15.509934,6,242047374.66666663,228586166.3333333,35659485.0,23340405.0,1.89045
cholesky,gemm,16384,2048,0.181793,0.003295,0.001445,3.234729,15.509934,7,242863371.66666663,225336194.66666663,41334438.66666666,18749471.666666668,1.87836
cholesky,gemm,16384,2048,0.181793,0.003295,0.001445,3.234729,15.509934,8,236364995.3333333,226539113.0,34486475.333333336,24155568.33333333,1.8461133333333333
cholesky,gemm,16384,2048,0.181793,0.003295,0.001445,3.234729,15.509934,9,247960872.3333333,228545069.3333333,42142916.66666666,18547098.0,1.9149833333333333
cholesky,gemm,16384,2048,0.181793,0.003295,0.001445,3.234729,15.509934,10,248004065.0,227353177.66666663,42138888.333333336,18438698.0,1.9126
cholesky,gemm,16384,2048,0.181793,0.003295,0.001445,3.234729,15.509934,11,239867732.66666663,223612953.0,40686550.66666666,19047924.0,1.8512566666666668
cholesky,gemm,16384,2048,0.181793,0.003295,0.001445,3.234729,15.509934,12,242704680.3333333,223595721.0,41291099.333333336,18497241.33333333,1.8714033333333333
cholesky,gemm,16384,2048,0.181793,0.003295,0.001445,3.234729,15.509934,13,238549194.0,222325114.3333333,40586024.333333336,18834304.666666668,1.84143
cholesky,gemm,16384,2048,0.181793,0.003295,0.001445,3.234729,15.509934,14,240580296.66666663,223701067.0,40896625.0,18667101.666666668,1.8564
cholesky,gemm,16384,2048,0.181793,0.003295,0.001445,3.234729,15.509934,15,234841948.66666663,221845318.0,34605948.333333336,23509633.33333333,1.8134033333333333
cholesky,gemm,16384,2048,0.181793,0.003295,0.001445,3.234729,15.509934,16,241378939.0,224137426.3333333,40868656.66666666,18862957.33333333,1.8589733333333327
cholesky,potrf,32768,1024,0.299117,0.002433,0.002631,2.584429,0.342987,1,1889859379.0,1683492577.3333333,329846656.6666667,151903326.66666666,14.757966666666666
cholesky,potrf,32768,1024,0.299117,0.002433,0.002631,2.584429,0.342987,2,1891282145.6666667,1691509646.6666667,330583122.0,151562565.0,14.787633333333332
cholesky,potrf,32768,1024,0.299117,0.002433,0.002631,2.584429,0.342987,3,1881172165.6666667,1684277446.3333333,330283976.3333333,151717018.33333334,14.7658
cholesky,potrf,32768,1024,0.299117,0.002433,0.002631,2.584429,0.342987,4,1877947239.3333333,1681487700.0,329034471.3333333,152186121.66666666,14.722666666666669
cholesky,potrf,32768,1024,0.299117,0.002433,0.002631,2.584429,0.342987,5,1899320414.6666667,1690127000.6666667,330014365.0,152933393.66666666,14.777833333333334
cholesky,potrf,32768,1024,0.299117,0.002433,0.002631,2.584429,0.342987,6,1912251615.3333333,1705267770.0,332561804.6666667,152362928.0,14.869566666666666
cholesky,potrf,32768,1024,0.299117,0.002433,0.002631,2.584429,0.342987,7,1896119495.0,1688085909.0,330267013.6666667,152519111.0,14.7831
cholesky,potrf,32768,1024,0.299117,0.002433,0.002631,2.584429,0.342987,8,1893148270.6666667,1692005108.3333333,331012975.6666667,152620305.0,14.8007
cholesky,potrf,32768,1024,0.299117,0.002433,0.002631,2.584429,0.342987,9,1887771921.0,1688346549.0,328103629.3333333,151288542.0,14.683366666666666
cholesky,potrf,32768,1024,0.299117,0.002433,0.002631,2.584429,0.342987,10,1903128754.3333333,1695192580.3333333,329131524.3333333,152872714.33333334,14.747833333333332
cholesky,potrf,32768,1024,0.299117,0.002433,0.002631,2.584429,0.342987,11,1892479571.0,1697226103.3333333,330522728.0,152257231.0,14.7992
cholesky,potrf,32768,1024,0.299117,0.002433,0.002631,2.584429,0.342987,12,1891293437.6666667,1687765129.3333333,329081223.3333333,152191181.0,14.735433333333331
cholesky,potrf,32768,1024,0.299117,0.002433,0.002631,2.584429,0.342987,13,1891629902.6666667,1694109636.6666667,328885107.6666667,151434565.33333334,14.7184
cholesky,potrf,32768,1024,0.299117,0.002433,0.002631,2.584429,0.342987,14,1900189003.6666667,1703085199.0,329716045.6666667,152045004.33333334,14.753366666666668
cholesky,potrf,32768,1024,0.299117,0.002433,0.002631,2.584429,0.342987,15,1889459579.3333333,1687264764.0,329242347.0,152393763.0,14.743633333333332
cholesky,potrf,32768,1024,0.299117,0.002433,0.002631,2.584429,0.342987,16,1897703210.6666667,1706096828.6666667,329345454.0,151414487.0,14.7354
cholesky,trsm,32768,1024,0.313751,0.001418,0.002475,2.527888,7.353044,1,1889859379.0,1683492577.3333333,329846656.6666667,151903326.66666666,14.757966666666666
cholesky,trsm,32768,1024,0.313751,0.001418,0.002475,2.527888,7.353044,2,1891282145.6666667,1691509646.6666667,330583122.0,151562565.0,14.787633333333332
cholesky,trsm,32768,1024,0.313751,0.001418,0.002475,2.527888,7.353044,3,1881172165.6666667,1684277446.3333333,330283976.3333333,151717018.33333334,14.7658
cholesky,trsm,32768,1024,0.313751,0.001418,0.002475,2.527888,7.353044,4,1877947239.3333333,1681487700.0,329034471.3333333,152186121.66666666,14.722666666666669
cholesky,trsm,32768,1024,0.313751,0.001418,0.002475,2.527888,7.353044,5,1899320414.6666667,1690127000.6666667,330014365.0,152933393.66666666,14.777833333333334
cholesky,trsm,32768,1024,0.313751,0.001418,0.002475,2.527888,7.353044,6,1912251615.3333333,1705267770.0,332561804.6666667,152362928.0,14.869566666666666
cholesky,trsm,32768,1024,0.313751,0.001418,0.002475,2.527888,7.353044,7,1896119495.0,1688085909.0,330267013.6666667,152519111.0,14.7831
cholesky,trsm,32768,1024,0.313751,0.001418,0.002475,2.527888,7.353044,8,1893148270.6666667,1692005108.3333333,331012975.6666667,152620305.0,14.8007
cholesky,trsm,32768,1024,0.313751,0.001418,0.002475,2.527888,7.353044,9,1887771921.0,1688346549.0,328103629.3333333,151288542.0,14.683366666666666
cholesky,trsm,32768,1024,0.313751,0.001418,0.002475,2.527888,7.353044,10,1903128754.3333333,1695192580.3333333,329131524.3333333,152872714.33333334,14.747833333333332
cholesky,trsm,32768,1024,0.313751,0.001418,0.002475,2.527888,7.353044,11,1892479571.0,1697226103.3333333,330522728.0,152257231.0,14.7992
cholesky,trsm,32768,1024,0.313751,0.001418,0.002475,2.527888,7.353044,12,1891293437.6666667,1687765129.3333333,329081223.3333333,152191181.0,14.735433333333331
cholesky,trsm,32768,1024,0.313751,0.001418,0.002475,2.527888,7.353044,13,1891629902.6666667,1694109636.6666667,328885107.6666667,151434565.33333334,14.7184
cholesky,trsm,32768,1024,0.313751,0.001418,0.002475,2.527888,7.353044,14,1900189003.6666667,1703085199.0,329716045.6666667,152045004.33333334,14.753366666666668
cholesky,trsm,32768,1024,0.313751,0.001418,0.002475,2.527888,7.353044,15,1889459579.3333333,1687264764.0,329242347.0,152393763.0,14.743633333333332
cholesky,trsm,32768,1024,0.313751,0.001418,0.002475,2.527888,7.353044,16,1897703210.6666667,1706096828.6666667,329345454.0,151414487.0,14.7354
cholesky,syrk,32768,1024,0.254952,0.003763,0.007006,2.908096,10.682884,1,1889859379.0,1683492577.3333333,329846656.6666667,151903326.66666666,14.757966666666666
cholesky,syrk,32768,1024,0.254952,0.003763,0.007006,2.908096,10.682884,2,1891282145.6666667,1691509646.6666667,330583122.0,151562565.0,14.787633333333332
cholesky,syrk,32768,1024,0.254952,0.003763,0.007006,2.908096,10.682884,3,1881172165.6666667,1684277446.3333333,330283976.3333333,151717018.33333334,14.7658
cholesky,syrk,32768,1024,0.254952,0.003763,0.007006,2.908096,10.682884,4,1877947239.3333333,1681487700.0,329034471.3333333,152186121.66666666,14.722666666666669
cholesky,syrk,32768,1024,0.254952,0.003763,0.007006,2.908096,10.682884,5,1899320414.6666667,1690127000.6666667,330014365.0,152933393.66666666,14.777833333333334
cholesky,syrk,32768,1024,0.254952,0.003763,0.007006,2.908096,10.682884,6,1912251615.3333333,1705267770.0,332561804.6666667,152362928.0,14.869566666666666
cholesky,syrk,32768,1024,0.254952,0.003763,0.007006,2.908096,10.682884,7,1896119495.0,1688085909.0,330267013.6666667,152519111.0,14.7831
cholesky,syrk,32768,1024,0.254952,0.003763,0.007006,2.908096,10.682884,8,1893148270.6666667,1692005108.3333333,331012975.6666667,152620305.0,14.8007
cholesky,syrk,32768,1024,0.254952,0.003763,0.007006,2.908096,10.682884,9,1887771921.0,1688346549.0,328103629.3333333,151288542.0,14.683366666666666
cholesky,syrk,32768,1024,0.254952,0.003763,0.007006,2.908096,10.682884,10,1903128754.3333333,1695192580.3333333,329131524.3333333,152872714.33333334,14.747833333333332
cholesky,syrk,32768,1024,0.254952,0.003763,0.007006,2.908096,10.682884,11,1892479571.0,1697226103.3333333,330522728.0,152257231.0,14.7992
cholesky,syrk,32768,1024,0.254952,0.003763,0.007006,2.908096,10.682884,12,1891293437.6666667,1687765129.3333333,329081223.3333333,152191181.0,14.735433333333331
cholesky,syrk,32768,1024,0.254952,0.003763,0.007006,2.908096,10.682884,13,1891629902.6666667,1694109636.6666667,328885107.6666667,151434565.33333334,14.7184
cholesky,syrk,32768,1024,0.254952,0.003763,0.007006,2.908096,10.682884,14,1900189003.6666667,1703085199.0,329716045.6666667,152045004.33333334,14.753366666666668
cholesky,syrk,32768,1024,0.254952,0.003763,0.007006,2.908096,10.682884,15,1889459579.3333333,1687264764.0,329242347.0,152393763.0,14.743633333333332
cholesky,syrk,32768,1024,0.254952,0.003763,0.007006,2.908096,10.682884,16,1897703210.6666667,1706096828.6666667,329345454.0,151414487.0,14.7354
cholesky,gemm,32768,1024,0.196736,0.002792,0.00765,3.159935,147.735996,1,1889859379.0,1683492577.3333333,329846656.6666667,151903326.66666666,14.757966666666666
cholesky,gemm,32768,1024,0.196736,0.002792,0.00765,3.159935,147.735996,2,1891282145.6666667,1691509646.6666667,330583122.0,151562565.0,14.787633333333332
cholesky,gemm,32768,1024,0.196736,0.002792,0.00765,3.159935,147.735996,3,1881172165.6666667,1684277446.3333333,330283976.3333333,151717018.33333334,14.7658
cholesky,gemm,32768,1024,0.196736,0.002792,0.00765,3.159935,147.735996,4,1877947239.3333333,1681487700.0,329034471.3333333,152186121.66666666,14.722666666666669
cholesky,gemm,32768,1024,0.196736,0.002792,0.00765,3.159935,147.735996,5,1899320414.6666667,1690127000.6666667,330014365.0,152933393.66666666,14.777833333333334
cholesky,gemm,32768,1024,0.196736,0.002792,0.00765,3.159935,147.735996,6,1912251615.3333333,1705267770.0,332561804.6666667,152362928.0,14.869566666666666
cholesky,gemm,32768,1024,0.196736,0.002792,0.00765,3.159935,147.735996,7,1896119495.0,1688085909.0,330267013.6666667,152519111.0,14.7831
cholesky,gemm,32768,1024,0.196736,0.002792,0.00765,3.159935,147.735996,8,1893148270.6666667,1692005108.3333333,331012975.6666667,152620305.0,14.8007
cholesky,gemm,32768,1024,0.196736,0.002792,0.00765,3.159935,147.735996,9,1887771921.0,1688346549.0,328103629.3333333,151288542.0,14.683366666666666
cholesky,gemm,32768,1024,0.196736,0.002792,0.00765,3.159935,147.735996,10,1903128754.3333333,1695192580.3333333,329131524.3333333,152872714.33333334,14.747833333333332
cholesky,gemm,32768,1024,0.196736,0.002792,0.00765,3.159935,147.735996,11,1892479571.0,1697226103.3333333,330522728.0,152257231.0,14.7992
cholesky,gemm,32768,1024,0.196736,0.002792,0.00765,3.159935,147.735996,12,1891293437.6666667,1687765129.3333333,329081223.3333333,152191181.0,14.735433333333331
cholesky,gemm,32768,1024,0.196736,0.002792,0.00765,3.159935,147.735996,13,1891629902.6666667,1694109636.6666667,328885107.6666667,151434565.33333334,14.7184
cholesky,gemm,32768,1024,0.196736,0.002792,0.00765,3.159935,147.735996,14,1900189003.6666667,1703085199.0,329716045.6666667,152045004.33333334,14.753366666666668
cholesky,gemm,32768,1024,0.196736,0.002792,0.00765,3.159935,147.735996,15,1889459579.3333333,1687264764.0,329242347.0,152393763.0,14.743633333333332
cholesky,gemm,32768,1024,0.196736,0.002792,0.00765,3.159935,147.735996,16,1897703210.6666667,1706096828.6666667,329345454.0,151414487.0,14.7354
cholesky,potrf,32768,2048,0.308619,0.002023,0.002263,2.57155,0.822857,1,1785015755.0,1659734520.3333333,310593626.0,138329982.66666666,13.882133333333334
cholesky,potrf,32768,2048,0.308619,0.002023,0.002263,2.57155,0.822857,2,1805431392.6666667,1669828326.3333333,314342743.0,138929130.66666666,14.056366666666667
cholesky,potrf,32768,2048,0.308619,0.002023,0.002263,2.57155,0.822857,3,1802410262.3333333,1658308600.3333333,312489566.0,139712199.66666666,13.9616
cholesky,potrf,32768,2048,0.308619,0.002023,0.002263,2.57155,0.822857,4,1761131071.0,1694845656.6666667,261778680.3333333,180848050.3333333,13.9766
cholesky,potrf,32768,2048,0.308619,0.002023,0.002263,2.57155,0.822857,5,1800456796.3333333,1668813965.0,314005480.0,133530448.66666669,14.033366666666666
cholesky,potrf,32768,2048,0.308619,0.002023,0.002263,2.57155,0.822857,6,1736458018.3333333,1630387712.6666667,302880641.3333333,139682599.66666666,13.5142
cholesky,potrf,32768,2048,0.308619,0.002023,0.002263,2.57155,0.822857,7,1808282765.0,1667780866.3333333,315286885.6666667,136413203.33333334,14.101133333333332
cholesky,potrf,32768,2048,0.308619,0.002023,0.002263,2.57155,0.822857,8,1775722525.3333333,1646253700.0,308792831.6666667,137469994.66666666,13.798066666666664
cholesky,potrf,32768,2048,0.308619,0.002023,0.002263,2.57155,0.822857,9,1779841858.6666667,1654254086.0,310015638.0,138460323.0,13.850833333333334
cholesky,potrf,32768,2048,0.308619,0.002023,0.002263,2.57155,0.822857,10,1715760317.0,1623263422.6666667,299104688.0,140386292.66666666,13.349166666666669
cholesky,potrf,32768,2048,0.308619,0.002023,0.002263,2.57155,0.822857,11,1780162699.6666667,1653344237.3333333,311047317.0,137377838.33333334,13.899866666666668
cholesky,potrf,32768,2048,0.308619,0.002023,0.002263,2.57155,0.822857,12,1749714576.0,1632803844.3333333,303135013.6666667,142988235.66666666,13.5578
cholesky,potrf,32768,2048,0.308619,0.002023,0.002263,2.57155,0.822857,13,1788716063.0,1654317013.3333333,311104324.3333333,139323957.33333334,13.908433333333337
cholesky,potrf,32768,2048,0.308619,0.002023,0.002263,2.57155,0.822857,14,1786168624.6666667,1647416477.6666667,310378232.6666667,141142388.0,13.8813
cholesky,potrf,32768,2048,0.308619,0.002023,0.002263,2.57155,0.822857,15,1753624945.6666667,1639976738.0,306793555.0,138092424.33333334,13.7083
cholesky,potrf,32768,2048,0.308619,0.002023,0.002263,2.57155,0.822857,16,1742276850.6666667,1635799055.3333333,302907594.6666667,139929209.66666666,13.5405
cholesky,trsm,32768,2048,0.280631,0.002152,0.002342,2.711621,16.184224,1,1785015755.0,1659734520.3333333,310593626.0,138329982.66666666,13.882133333333334
cholesky,trsm,32768,2048,0.280631,0.002152,0.002342,2.711621,16.184224,2,1805431392.6666667,1669828326.3333333,314342743.0,138929130.66666666,14.056366666666667
cholesky,trsm,32768,2048,0.280631,0.002152,0.002342,2.711621,16.184224,3,1802410262.3333333,1658308600.3333333,312489566.0,139712199.66666666,13.9616
cholesky,trsm,32768,2048,0.280631,0.002152,0.002342,2.711621,16.184224,4,1761131071.0,1694845656.6666667,261778680.3333333,180848050.3333333,13.9766
cholesky,trsm,32768,2048,0.280631,0.002152,0.002342,2.711621,16.184224,5,1800456796.3333333,1668813965.0,314005480.0,133530448.66666669,14.033366666666666
cholesky,trsm,32768,2048,0.280631,0.002152,0.002342,2.711621,16.184224,6,1736458018.3333333,1630387712.6666667,302880641.3333333,139682599.66666666,13.5142
cholesky,trsm,32768,2048,0.280631,0.002152,0.002342,2.711621,16.184224,7,1808282765.0,1667780866.3333333,315286885.6666667,136413203.33333334,14.101133333333332
cholesky,trsm,32768,2048,0.280631,0.002152,0.002342,2.711621,16.184224,8,1775722525.3333333,1646253700.0,308792831.6666667,137469994.66666666,13.798066666666664
cholesky,trsm,32768,2048,0.280631,0.002152,0.002342,2.711621,16.184224,9,1779841858.6666667,1654254086.0,310015638.0,138460323.0,13.850833333333334
cholesky,trsm,32768,2048,0.280631,0.002152,0.002342,2.711621,16.184224,10,1715760317.0,1623263422.6666667,299104688.0,140386292.66666666,13.349166666666669
cholesky,trsm,32768,2048,0.280631,0.002152,0.002342,2.711621,16.184224,11,1780162699.6666667,1653344237.3333333,311047317.0,137377838.33333334,13.899866666666668
cholesky,trsm,32768,2048,0.280631,0.002152,0.002342,2.711621,16.184224,12,1749714576.0,1632803844.3333333,303135013.6666667,142988235.66666666,13.5578
cholesky,trsm,32768,2048,0.280631,0.002152,0.002342,2.711621,16.184224,13,1788716063.0,1654317013.3333333,311104324.3333333,139323957.33333334,13.908433333333337
cholesky,trsm,32768,2048,0.280631,0.002152,0.002342,2.711621,16.184224,14,1786168624.6666667,1647416477.6666667,310378232.6666667,141142388.0,13.8813
cholesky,trsm,32768,2048,0.280631,0.002152,0.002342,2.711621,16.184224,15,1753624945.6666667,1639976738.0,306793555.0,138092424.33333334,13.7083
cholesky,trsm,32768,2048,0.280631,0.002152,0.002342,2.711621,16.184224,16,1742276850.6666667,1635799055.3333333,302907594.6666667,139929209.66666666,13.5405
cholesky,syrk,32768,2048,0.221424,0.003227,0.002697,3.065896,16.89039,1,1785015755.0,1659734520.3333333,310593626.0,138329982.66666666,13.882133333333334
cholesky,syrk,32768,2048,0.221424,0.003227,0.002697,3.065896,16.89039,2,1805431392.6666667,1669828326.3333333,314342743.0,138929130.66666666,14.056366666666667
cholesky,syrk,32768,2048,0.221424,0.003227,0.002697,3.065896,16.89039,3,1802410262.3333333,1658308600.3333333,312489566.0,139712199.66666666,13.9616
cholesky,syrk,32768,2048,0.221424,0.003227,0.002697,3.065896,16.89039,4,1761131071.0,1694845656.6666667,261778680.3333333,180848050.3333333,13.9766
cholesky,syrk,32768,2048,0.221424,0.003227,0.002697,3.065896,16.89039,5,1800456796.3333333,1668813965.0,314005480.0,133530448.66666669,14.033366666666666
cholesky,syrk,32768,2048,0.221424,0.003227,0.002697,3.065896,16.89039,6,1736458018.3333333,1630387712.6666667,302880641.3333333,139682599.66666666,13.5142
cholesky,syrk,32768,2048,0.221424,0.003227,0.002697,3.065896,16.89039,7,1808282765.0,1667780866.3333333,315286885.6666667,136413203.33333334,14.101133333333332
cholesky,syrk,32768,2048,0.221424,0.003227,0.002697,3.065896,16.89039,8,1775722525.3333333,1646253700.0,308792831.6666667,137469994.66666666,13.798066666666664
cholesky,syrk,32768,2048,0.221424,0.003227,0.002697,3.065896,16.89039,9,1779841858.6666667,1654254086.0,310015638.0,138460323.0,13.850833333333334
cholesky,syrk,32768,2048,0.221424,0.003227,0.002697,3.065896,16.89039,10,1715760317.0,1623263422.6666667,299104688.0,140386292.66666666,13.349166666666669
cholesky,syrk,32768,2048,0.221424,0.003227,0.002697,3.065896,16.89039,11,1780162699.6666667,1653344237.3333333,311047317.0,137377838.33333334,13.899866666666668
cholesky,syrk,32768,2048,0.221424,0.003227,0.002697,3.065896,16.89039,12,1749714576.0,1632803844.3333333,303135013.6666667,142988235.66666666,13.5578
cholesky,syrk,32768,2048,0.221424,0.003227,0.002697,3.065896,16.89039,13,1788716063.0,1654317013.3333333,311104324.3333333,139323957.33333334,13.908433333333337
cholesky,syrk,32768,2048,0.221424,0.003227,0.002697,3.065896,16.89039,14,1786168624.6666667,1647416477.6666667,310378232.6666667,141142388.0,13.8813
cholesky,syrk,32768,2048,0.221424,0.003227,0.002697,3.065896,16.89039,15,1753624945.6666667,1639976738.0,306793555.0,138092424.33333334,13.7083
cholesky,syrk,32768,2048,0.221424,0.003227,0.002697,3.065896,16.89039,16,1742276850.6666667,1635799055.3333333,302907594.6666667,139929209.66666666,13.5405
cholesky,gemm,32768,2048,0.181212,0.003235,0.001441,3.237457,152.3053,1,1785015755.0,1659734520.3333333,310593626.0,138329982.66666666,13.882133333333334
cholesky,gemm,32768,2048,0.181212,0.003235,0.001441,3.237457,152.3053,2,1805431392.6666667,1669828326.3333333,314342743.0,138929130.66666666,14.056366666666667
cholesky,gemm,32768,2048,0.181212,0.003235,0.001441,3.237457,152.3053,3,1802410262.3333333,1658308600.3333333,312489566.0,139712199.66666666,13.9616
cholesky,gemm,32768,2048,0.181212,0.003235,0.001441,3.237457,152.3053,4,1761131071.0,1694845656.6666667,261778680.3333333,180848050.3333333,13.9766
cholesky,gemm,32768,2048,0.181212,0.003235,0.001441,3.237457,152.3053,5,1800456796.3333333,1668813965.0,314005480.0,133530448.66666669,14.033366666666666
cholesky,gemm,32768,2048,0.181212,0.003235,0.001441,3.237457,152.3053,6,1736458018.3333333,1630387712.6666667,302880641.3333333,139682599.66666666,13.5142
cholesky,gemm,32768,2048,0.181212,0.003235,0.001441,3.237457,152.3053,7,1808282765.0,1667780866.3333333,315286885.6666667,136413203.33333334,14.101133333333332
cholesky,gemm,32768,2048,0.181212,0.003235,0.001441,3.237457,152.3053,8,1775722525.3333333,1646253700.0,308792831.6666667,137469994.66666666,13.798066666666664
cholesky,gemm,32768,2048,0.181212,0.003235,0.001441,3.237457,152.3053,9,1779841858.6666667,1654254086.0,310015638.0,138460323.0,13.850833333333334
cholesky,gemm,32768,2048,0.181212,0.003235,0.001441,3.237457,152.3053,10,1715760317.0,1623263422.6666667,299104688.0,140386292.66666666,13.349166666666669
cholesky,gemm,32768,2048,0.181212,0.003235,0.001441,3.237457,152.3053,11,1780162699.6666667,1653344237.3333333,311047317.0,137377838.33333334,13.899866666666668
cholesky,gemm,32768,2048,0.181212,0.003235,0.001441,3.237457,152.3053,12,1749714576.0,1632803844.3333333,303135013.6666667,142988235.66666666,13.5578
cholesky,gemm,32768,2048,0.181212,0.003235,0.001441,3.237457,152.3053,13,1788716063.0,1654317013.3333333,311104324.3333333,139323957.33333334,13.908433333333337
cholesky,gemm,32768,2048,0.181212,0.003235,0.001441,3.237457,152.3053,14,1786168624.6666667,1647416477.6666667,310378232.6666667,141142388.0,13.8813
cholesky,gemm,32768,2048,0.181212,0.003235,0.001441,3.237457,152.3053,15,1753624945.6666667,1639976738.0,306793555.0,138092424.33333334,13.7083
cholesky,gemm,32768,2048,0.181212,0.003235,0.001441,3.237457,152.3053,16,1742276850.6666667,1635799055.3333333,302907594.6666667,139929209.66666666,13.5405
